{
  "IcoMoonType": "selection",
  "icons": [
    {
      "icon": {
        "paths": [
          "M512 1024c-282.768 0-512-229.232-512-512s229.232-512 512-512c282.768 0 512 229.232 512 512s-229.232 512-512 512zM756.576 517.072h-493.712v-33.44l0 0.013c-0-0.079-0-0.158-0-0.237 0-48.209 14.435-93.047 38.672-129.552 53.76 51.216 127.2 82.768 208.192 82.768 80.96 0 154.4-31.552 208.16-82.752 24.48 37.472 38.688 82 38.688 129.76v33.44zM808 519.312v-35.68c0-161.056-133.552-291.632-298.288-291.632s-298.288 130.56-298.288 291.632v42.848c-30.464 14.816-51.424 45.568-51.424 81.12 0 35.52 20.96 66.272 51.424 81.088v89.872c0 81.088 61.376 148.176 141.2 159.28v54.896c20.064 6.288 40.656 11.408 61.712 15.264v-55.312h216.816v49.84c24.661-5.863 45.265-12.287 65.276-19.913l-3.564 1.193v-51.744c66.736-20.528 115.136-81.488 115.136-153.52v-82.688c41.232-9.152 72-45.2 72-88.272s-30.768-79.12-72-88.256zM578.24 708.16v28.048c0 17.056 14.16 30.88 31.6 30.88 17.456 0 31.6-13.824 31.6-30.896v-28.032h-63.2zM526.816 708.144h-263.952v70.4c0 61.104 50.656 110.624 113.136 110.624h267.44c62.48 0 113.12-49.52 113.12-110.608v-70.4h-63.68v28.032c0 44.832-37.184 81.184-83.040 81.184s-83.040-36.352-83.040-81.184v-28.032zM509.712 242.288c-68.864 0-131.136 27.552-175.904 72.032 44.768 44.464 107.040 72.032 175.904 72.032s131.136-27.568 175.92-72.032c-44.784-44.464-107.056-72.032-175.92-72.032zM252.576 567.36c-22.72 0-41.152 18.016-41.152 40.224 0 22.224 18.432 40.224 41.152 40.224h534.848c22.72 0 41.152-18 41.152-40.224 0-22.208-18.432-40.224-41.152-40.224h-534.848z"
        ],
        "attrs": [
          {
            "fill": "rgb(212, 20, 67)"
          }
        ],
        "isMulticolor": false,
        "isMulticolor2": false,
        "grid": 0,
        "tags": [
          "favicon"
        ],
        "colorPermutations": {
          "2111966121220671225225225125416518712552552551": [
            {
              "f": 0
            }
          ]
        }
      },
      "attrs": [
        {
          "fill": "rgb(212, 20, 67)"
        }
      ],
      "properties": {
        "order": 10,
        "id": 8,
        "name": "favicon",
        "prevSize": 32
      },
      "setIdx": 0,
      "setId": 4,
      "iconIdx": 1
    },
    {
      "icon": {
        "paths": [
          "M1462.857 109.714h-1462.857v-73.143h1462.857v73.143z",
          "M1462.857 548.571h-1462.857v-73.143h1462.857v73.143z",
          "M1462.857 987.429h-1462.857v-73.143h1462.857v73.143z"
        ],
        "attrs": [
          {
            "fill": "rgb(212, 20, 67)"
          },
          {
            "fill": "rgb(212, 20, 67)"
          },
          {
            "fill": "rgb(212, 20, 67)"
          }
        ],
        "width": 1463,
        "isMulticolor": false,
        "isMulticolor2": false,
        "grid": 0,
        "tags": [
          "burger"
        ],
        "colorPermutations": {
          "2111966121220671225225225125416518712552552551": [
            {
              "f": 0
            },
            {
              "f": 0
            },
            {
              "f": 0
            }
          ]
        }
      },
      "attrs": [
        {
          "fill": "rgb(212, 20, 67)"
        },
        {
          "fill": "rgb(212, 20, 67)"
        },
        {
          "fill": "rgb(212, 20, 67)"
        }
      ],
      "properties": {
        "order": 11,
        "id": 11,
        "name": "burger",
        "prevSize": 32
      },
      "setIdx": 0,
      "setId": 4,
      "iconIdx": 2
    },
    {
      "icon": {
        "paths": [
          "M521.581 568.446l415.884 431.879 46.851-45.117-415.883-431.878 431.885-415.887-45.117-46.853-431.884 415.887-415.889-431.885-46.853 45.118 415.889 431.885-431.88 415.885 45.117 46.851 431.881-415.884z"
        ],
        "attrs": [
          {
            "fill": "rgb(255, 255, 255)"
          }
        ],
        "isMulticolor": false,
        "isMulticolor2": false,
        "grid": 0,
        "tags": [
          "close"
        ],
        "colorPermutations": {
          "2111966121220671225225225125416518712552552551": [
            {
              "f": 4
            }
          ]
        }
      },
      "attrs": [
        {
          "fill": "rgb(255, 255, 255)"
        }
      ],
      "properties": {
        "order": 12,
        "id": 15,
        "name": "close",
        "prevSize": 32
      },
      "setIdx": 0,
      "setId": 4,
      "iconIdx": 3
    },
    {
      "icon": {
        "paths": [
          "M512.614 113.869l117.35-113.869 472.064 458.138c15.019 14.381 24.354 34.593 24.354 56.986s-9.335 42.605-24.325 56.958l-0.029 0.027-465.51 451.891-117.35-113.869 323.994-314.368h-843.162v-161.28h843.059l-330.445-320.614z"
        ],
        "attrs": [
          {
            "fill": "rgb(212, 20, 67)"
          }
        ],
        "width": 1126,
        "isMulticolor": false,
        "isMulticolor2": false,
        "grid": 0,
        "tags": [
          "arrow-to-right"
        ],
        "colorPermutations": {
          "2111966121220671225225225125416518712552552551": [
            {
              "f": 0
            }
          ]
        }
      },
      "attrs": [
        {
          "fill": "rgb(212, 20, 67)"
        }
      ],
      "properties": {
        "order": 13,
        "id": 14,
        "name": "arrow-to-right",
        "prevSize": 32
      },
      "setIdx": 0,
      "setId": 4,
      "iconIdx": 4
    },
    {
      "icon": {
        "paths": [
          "M26.413 33.76c37.909-41.967 102.662-45.256 144.628-7.347l453.44 409.6c21.492 19.415 33.759 47.023 33.759 75.987s-12.266 56.572-33.759 75.987l-453.44 409.6c-41.966 37.91-106.719 34.62-144.628-7.347-37.909-41.966-34.62-106.719 7.347-144.628l369.319-333.612-369.319-333.612c-41.967-37.91-45.256-102.662-7.347-144.629z"
        ],
        "attrs": [
          {
            "fill": "rgb(212, 20, 67)"
          }
        ],
        "width": 768,
        "isMulticolor": false,
        "isMulticolor2": false,
        "grid": 0,
        "tags": [
          "arrow"
        ],
        "colorPermutations": {
          "2111966121220671225225225125416518712552552551": [
            {
              "f": 0
            }
          ]
        }
      },
      "attrs": [
        {
          "fill": "rgb(212, 20, 67)"
        }
      ],
      "properties": {
        "order": 14,
        "id": 16,
        "name": "arrow",
        "prevSize": 32
      },
      "setIdx": 0,
      "setId": 4,
      "iconIdx": 5
    },
    {
      "icon": {
        "paths": [
          "M612.7 58.368c-3.891 19.456-18.596 61.092-35.717 87.552 33.505 46.858 39.24 103.465 11.162 133.734-26.214 28.283-73.728 24.76-115.302-5.243-9.353-6.781-17.563-14.095-24.983-22.147l-0.105-0.115-0.573-0.614c-9.175 3.645-18.596 6.861-28.242 9.626v1.495c0 6.84-0.328 13.558-1.004 20.091l-0.143 1.372-0.041 0.41c-0.681 6.065-1.495 11.203-2.515 16.266l0.2-1.192c-10.158 51.835-41.103 89.518-77.722 89.518-34.693 0-64.307-33.874-75.96-81.572-2.134-8.405-3.774-18.384-4.587-28.597l-0.042-0.649c-0.41-5.12-0.614-10.342-0.614-15.626v-1.516c-9.098-2.564-16.034-4.877-22.849-7.438l2 0.659c-2.462 2.559-4.946 4.99-7.499 7.346l-0.12 0.109-0.901 0.819c-7.782 7.086-15.892 13.169-24.166 18.227-39.055 23.9-81.408 24.904-105.615-1.188-26.624-28.692-22.856-81.019 6.124-126.3-19.111-26.984-33.281-58.902-40.412-93.394l-0.282-1.633c-0.877-3.921-1.38-8.425-1.38-13.045 0-9.378 2.071-18.273 5.78-26.251l-0.16 0.384c9.011-19.456 33.69-19.456 51.548-19.456h438.292c18.043 0 42.557 0 51.589 19.456 7.311 15.77 6.758 26.235 4.239 38.912zM485.642 210.452l0.41 0.41c16.097 17.388 33.587 26.358 46.879 28.959 6.492 1.29 11.018 0.86 13.619 0.184 2.376-0.614 3.092-1.393 3.297-1.618 0.225-0.225 0.778-0.86 1.29-2.703 0.553-2.007 1.106-5.652 0.614-11.1-0.983-11.223-6.144-26.911-17.654-43.008l-24.248-33.935 22.733-35.103c10.263-15.565 18.563-33.582 23.946-52.817l0.323-1.353h-438.272c6.359 22.837 16.012 42.799 28.585 60.546l-0.404-0.601 23.429 33.587-22.139 34.611c-9.83 15.36-13.865 29.696-14.438 39.711-0.266 4.854 0.307 8.028 0.84 9.769 0.216 0.924 0.629 1.731 1.195 2.405l-0.007-0.009c0.205 0.225 0.922 0.963 3.195 1.577 2.499 0.676 6.861 1.126 13.169-0.041 12.902-2.355 30.024-10.854 46.019-27.525l23.798-24.822 31.334 11.551c5.612 2.048 11.325 3.912 17.162 5.571l40.673 11.571-0.348 45.343v1.024c0 24.576 6.492 44.257 14.172 56.218 3.748 5.857 7.229 9.011 9.523 10.527 2.068 1.372 3.092 1.372 3.379 1.372s1.311 0 3.379-1.372c2.294-1.516 5.775-4.669 9.544-10.527 7.68-11.96 14.152-31.642 14.152-56.197v-1.024l-0.348-45.363 40.673-11.571c7.946-2.253 15.708-4.915 23.224-7.905l32.727-13.066 24.576 26.726zM22.077 430.080c-13.681 0-24.084 11.469-21.75 23.962l102.728 552.96c1.843 9.83 10.998 16.998 21.75 16.998h426.23c10.752 0 19.927-7.168 21.75-16.998l102.728-552.96c2.335-12.513-8.069-23.962-21.75-23.962h-631.685zM337.92 676.598c-121.508 0-223.068-79.258-247.951-185.078h495.882c-24.863 105.841-126.423 185.078-247.931 185.078zM161.976 962.56l-59.515-320.41c58.47 58.962 142.316 95.887 235.459 95.887s176.988-36.925 235.459-95.887l-59.515 320.41h-351.887z"
        ],
        "attrs": [
          {
            "fill": "rgb(254, 165, 187)"
          }
        ],
        "width": 676,
        "isMulticolor": false,
        "isMulticolor2": false,
        "grid": 0,
        "tags": [
          "bucket-milk"
        ],
        "colorPermutations": {
          "2111966121220671225225225125416518712552552551": [
            {
              "f": 2
            }
          ]
        }
      },
      "attrs": [
        {
          "fill": "rgb(254, 165, 187)"
        }
      ],
      "properties": {
        "order": 15,
        "id": 12,
        "name": "bucket-milk",
        "prevSize": 32
      },
      "setIdx": 0,
      "setId": 4,
      "iconIdx": 6
    },
    {
      "icon": {
        "paths": [
          "M633.242 10.199c4.874 6.472-3.4 16.855-15.585 32.154-9.298 11.674-20.869 26.173-30.597 43.991-9.421 17.203-11.121 39.567-11.981 60.58 40.243-23.491 85.791-27.914 123.187-7.434 59.597 32.584 77.537 116.797 43.991 194.15h28.508c16.138 0 28.385 13.312 25.641 27.853l-61.297 325.304c21.975 1.638 44.442 9.011 65.536 21.463 3.113-21.135 9.339-48.783 22.426-71.639 12.677-22.118 25.723-36.987 36.311-46.674 5.284-4.833 9.892-8.335 13.496-10.752 6.041-4.185 13.525-6.686 21.594-6.686 0.293 0 0.584 0.003 0.875 0.010l-0.043-0.001c11.387 0 18.903 4.833 23.491 12.268 4.28 6.881-4.915 16.466-18.432 30.556-10.342 10.772-23.183 24.166-34.509 41.001-8.397 12.472-12.554 28.365-15.278 44.503 40.632-19.19 84.787-19.968 119.767 2.171 61.686 39.014 71.639 134.41 22.282 213.094-42.537 67.789-115.241 101.028-173.998 83.968-43.438 12.616-94.495-2.253-135.352-38.257l-7.987 42.414c-2.15 11.428-12.964 19.763-25.641 19.763h-502.518c-12.657 0-23.491-8.335-25.641-19.763l-121.078-642.744c-2.744-14.541 9.503-27.853 25.641-27.853h18.493c-8.479-26.112-8.54-53.33 1.618-78.418 17.531-43.274 61.276-69.755 112.927-74.138 0.555 1.354 0.281 0.775 0.008 0.196l-0.827-1.957c-8.929-19.722-19.251-47.677-20.439-75.264-1.106-25.477 1.987-45.056 5.755-58.941 1.884-6.902 3.932-12.349 5.673-16.323 3.236-7.455 8.131-13.087 15.36-17.695 9.626-6.124 18.555-6.083 26.399-2.273 7.291 3.523 4.628 16.548 0.717 35.738-2.97 14.623-6.676 32.85-7.27 53.166-0.41 15.094 4.588 30.843 10.916 46.019 21.975-38.175 56.812-63.693 97.321-66.15 47.247-2.847 90.583 26.358 116.695 72.602 34.673-17.695 77.496-15.299 117.084 3.891 0.061-2.273 0.143-4.649 0.266-7.086 0.983-21.647 4.465-51.261 15.933-76.349 10.588-23.183 22.221-39.199 31.887-49.828 4.813-5.284 9.093-9.216 12.431-11.94 5.897-4.924 13.39-8.118 21.605-8.717l0.125-0.007c11.325-1.044 19.251 3.072 24.515 10.035zM358.031 333.64c16.323-21.074 27.873-53.002 25.477-92.856-4.608-76.636-53.862-114.012-87.757-111.964-24.986 1.516-53.862 22.671-67.441 66.826l-11.448 37.171-38.728-1.024c-46.019-1.229-75.244 19.476-84.664 42.762-6.246 15.401-4.792 37.335 6.595 59.085h257.946zM417.362 333.64h267.387c1.057-1.657 2.483-4.093 3.851-6.567l0.45-0.888c36.577-67.42 14.541-125.338-15.258-141.66-21.975-12.022-57.631-9.462-92.467 20.726l-29.348 25.436-32.297-21.504c-36.475-24.289-70.533-23.695-91.259-10.916 3.195 12.575 5.263 25.784 6.083 39.444 2.109 35.062-4.362 68.116-17.142 95.928zM806.482 775.537c-0.945-0.569-1.763-1.199-2.503-1.909l0.005 0.005-16.261-12.39c-36.68-27.935-72.417-28.221-93.594-14.807-28.733 18.166-47.063 77.373-6.287 142.336 34.14 54.395 85.77 70.963 116.572 62.054l14.193-4.137 14.172 4.116c30.802 8.929 82.432-7.639 116.593-62.054 40.755-64.942 22.426-124.15-6.287-142.336-21.197-13.394-56.934-13.107-93.594 14.828l-30.884 23.511-12.124-9.216zM106.066 405.053c29.327 123.023 149.053 215.142 292.311 215.142 143.237 0 262.963-92.119 292.311-215.142h-584.602zM120.771 580.157l70.164 372.429h414.863l16.118-85.504c-18.084-57.836-7.7-116.634 28.467-151.183l25.6-135.741c-68.956 68.526-167.793 111.452-277.606 111.452s-208.65-42.947-277.586-111.452z"
        ],
        "attrs": [
          {
            "fill": "rgb(254, 165, 187)"
          }
        ],
        "isMulticolor": false,
        "isMulticolor2": false,
        "grid": 0,
        "tags": [
          "bucket-apples"
        ],
        "colorPermutations": {
          "2111966121220671225225225125416518712552552551": [
            {
              "f": 2
            }
          ]
        }
      },
      "attrs": [
        {
          "fill": "rgb(254, 165, 187)"
        }
      ],
      "properties": {
        "order": 16,
        "id": 13,
        "name": "bucket-apples",
        "prevSize": 32
      },
      "setIdx": 0,
      "setId": 4,
      "iconIdx": 7
    },
    {
      "icon": {
        "paths": [
          "M274.227 5.652c-68.342-14.254-135.823-2.949-192.020 50.995-67.973 65.208-98.12 166.605-73.933 273.183l0.491 2.475c5.303 22.547 12.695 44.289 21.034 62.692l0.676 1.536c20.378 46.182 51.384 92.119 94.249 135.434 90.583 91.546 175.002 142.459 238.285 169.574v322.458h190.853v-314.102c59.249-23.45 139.674-73.585 226.304-178.586 34.918-42.332 61.911-85.729 81.449-128.614 9.421-20.726 17.142-41.329 23.142-61.645l0.102-0.307c0.676-2.314 1.352-4.649 1.987-6.963l0.328-1.147c30.556-111.473 10.199-214.344-54.026-275.988-50.893-48.824-115.487-60.641-181.391-47.985-63.304 12.165-128.287 46.92-185.426 93.635-59.863-45.752-126.525-82.985-192.102-96.666zM126.259 100.147c38.502-36.946 83.21-45.568 134.84-34.796 54.415 11.366 114.565 44.401 172.36 89.498l34.365 26.829 33.321-28.017c53.187-44.728 110.961-75.121 162.775-85.074 50.033-9.626 92.078-0.205 125.194 31.56 43.008 41.288 63.508 120.218 38.093 215.245-2.335 8.684-5.038 17.49-8.151 26.419-5.12-3.994-7.762-9.236-7.762-14.193 0-7.864-1.29-15.38-3.686-22.446-12.001-35.226-51.487-59.29-95.212-59.29-5.571 0-11.059 0.389-16.466 1.147-45.343 6.349-82.412 38.502-82.412 80.589v61.46c0 9.503-10.445 20.685-28.078 20.685-17.654 0-28.078-11.182-28.078-20.685v-61.44c0-47.104-46.428-81.756-98.918-81.756-52.449 0-98.877 34.673-98.877 81.736v61.46c0 9.503-10.424 20.685-28.058 20.685-17.674 0-28.099-11.182-28.099-20.685v-61.44c0-47.104-46.408-81.756-98.877-81.756-52.49 0-98.918 34.673-98.918 81.736 0 9.339-10.035 20.316-27.136 20.685-34.816-100.434-8.602-194.028 47.78-248.156zM176.435 327.619c0-9.503 10.445-20.685 28.099-20.685 17.633 0 28.058 11.182 28.058 20.685v61.46c0 47.084 46.428 81.756 98.918 81.756 52.449 0 98.877-34.673 98.877-81.756v-61.44c0-9.523 10.445-20.705 28.058-20.705 17.674 0 28.099 11.182 28.099 20.685v61.46c0 47.084 46.408 81.756 98.898 81.756 52.47 0 98.877-34.673 98.877-81.756v-61.44c0-9.523 10.445-20.705 28.078-20.705 17.654 0 28.078 11.182 28.078 20.685 0 32.481 22.426 59.249 53.166 72.54-15.954 30.433-36.557 61.624-62.382 92.918-136.274 165.171-247.91 175.452-264.684 175.452-6.226 0-41.595-4.833-96.891-31.314-53.719-25.723-123.802-70.82-199.762-147.579-27.116-27.423-48.476-55.501-64.758-83.497 39.956-9.626 71.27-39.956 71.27-78.52zM425.759 962.97v-225.812h65.393v225.812h-65.393z"
        ],
        "attrs": [
          {
            "fill": "rgb(254, 165, 187)"
          }
        ],
        "width": 901,
        "isMulticolor": false,
        "isMulticolor2": false,
        "grid": 0,
        "tags": [
          "heart"
        ],
        "colorPermutations": {
          "2111966121220671225225225125416518712552552551": [
            {
              "f": 2
            }
          ]
        }
      },
      "attrs": [
        {
          "fill": "rgb(254, 165, 187)"
        }
      ],
      "properties": {
        "order": 17,
        "id": 5,
        "name": "heart",
        "prevSize": 32
      },
      "setIdx": 0,
      "setId": 4,
      "iconIdx": 8
    },
    {
      "icon": {
        "paths": [
          "M1011.2 536.48c7.872-7.872 12.768-18.752 12.768-30.784 0-13.92-6.528-26.304-16.672-34.24l-0.096-0.064-457.632-373.6c-10.048-7.776-22.816-12.448-36.672-12.448-14.336 0-27.52 5.024-37.856 13.408l0.128-0.096-459.168 392.544c-9.792 7.968-16 20.032-16 33.568 0 12.48 5.312 23.712 13.76 31.616l0.032 0.032 11.52 11.104c19.040 18.592 49.92 20.832 68.864 4.96l34.304-28.672v419.744c0 25.696 22.432 46.592 50.016 46.592h178.944c27.648 0 50.016-20.896 50.016-46.592v-293.632h228.256v293.536c0 0.352 0 0.736 0 1.12 0 25.12 20.352 45.472 45.472 45.472 0.512 0 1.024 0 1.536-0.032h189.632c27.552 0 49.92-20.832 49.92-46.592v-413.696s9.568 7.68 21.248 17.312c11.616 9.568 36.192 1.888 54.688-17.152l13.056-13.408z"
        ],
        "attrs": [
          {
            "fill": "rgb(211, 19, 66)"
          }
        ],
        "isMulticolor": false,
        "isMulticolor2": false,
        "grid": 0,
        "tags": [
          "house"
        ],
        "colorPermutations": {
          "2111966121220671225225225125416518712552552551": [
            {
              "f": 1
            }
          ]
        }
      },
      "attrs": [
        {
          "fill": "rgb(211, 19, 66)"
        }
      ],
      "properties": {
        "order": 18,
        "id": 4,
        "name": "house",
        "prevSize": 32
      },
      "setIdx": 0,
      "setId": 4,
      "iconIdx": 9
    },
    {
      "icon": {
        "paths": [
          "M1024.448 0c61.696 0 120 16.64 174.848 49.952s99.424 81.184 133.696 143.616c32.928 62.432 49.376 136 49.376 220.608s-20.576 167.2-61.696 247.68c-13.728 29.12-38.4 66.592-74.080 112.384-37.024 45.76-71.296 85.312-102.848 118.624l-129.6 131.136-92.576-154.016c66.016-41.664 122.368-91.36 169.792-148.672l0.96-1.184c49.344-58.272 74.048-111.68 74.048-160.256 0-24.992-5.472-45.12-16.448-60.352-48 34.688-101.504 52.032-160.448 52.032-42.496 0-82.976-13.184-121.376-39.552-39.584-25.024-71.584-58.688-93.92-98.496l-0.704-1.376c-24.672-40.256-37.024-81.856-37.024-124.864 0-48.576 14.4-95.040 43.2-139.456 27.712-44.448 64.352-80.832 107.648-107.392l1.408-0.8c43.84-26.368 89.088-39.552 135.744-39.552zM285.952 0c61.696 0 120 16.64 174.848 49.952s99.424 81.152 133.696 143.616c32.928 62.432 49.376 136 49.376 220.608 0 59.648-7.552 113.088-22.624 160.256-15.104 48.576-41.152 99.2-78.176 151.936-35.648 49.952-69.248 91.584-100.8 124.864-31.552 34.688-86.4 92.256-164.576 172.736l-92.576-154.016c66.016-41.664 122.368-91.36 169.792-148.672l0.96-1.184c49.344-58.272 74.048-111.68 74.048-160.256 0-24.992-5.504-45.12-16.448-60.352-48 34.688-101.504 52.032-160.448 52.032-42.496 0-82.976-13.184-121.376-39.552-39.584-25.024-71.584-58.688-93.92-98.496l-0.704-1.376c-24.672-40.256-37.024-81.856-37.024-124.864 0-48.576 13.728-95.040 41.152-139.456 27.712-44.448 64.352-80.832 107.648-107.392l1.44-0.8c43.84-26.368 89.088-39.552 135.744-39.552z"
        ],
        "attrs": [
          {
            "fill": "rgb(225, 225, 225)"
          }
        ],
        "width": 1376,
        "isMulticolor": false,
        "isMulticolor2": false,
        "grid": 0,
        "tags": [
          "quotes"
        ],
        "colorPermutations": {
          "2111966121220671225225225125416518712552552551": [
            {
              "f": 3
            }
          ]
        }
      },
      "attrs": [
        {
          "fill": "rgb(225, 225, 225)"
        }
      ],
      "properties": {
        "order": 19,
        "id": 1,
        "name": "quotes",
        "prevSize": 32
      },
      "setIdx": 0,
      "setId": 4,
      "iconIdx": 10
    },
    {
      "icon": {
        "paths": [
          "M452.576 511.072h-129.056v475.68h-195.584v-475.68h-92.992v-167.104h92.992v-108.224c0-77.344 36.544-198.528 197.344-198.528l144.864 0.608v162.304h-105.088c-17.216 0-41.504 8.704-41.504 45.6v98.336h146.144l-17.088 167.008z"
        ],
        "attrs": [
          {
            "fill": "rgb(255, 255, 255)"
          }
        ],
        "width": 512,
        "isMulticolor": false,
        "isMulticolor2": false,
        "grid": 0,
        "tags": [
          "facebook"
        ],
        "colorPermutations": {
          "2111966121220671225225225125416518712552552551": [
            {
              "f": 4
            }
          ]
        }
      },
      "attrs": [
        {
          "fill": "rgb(255, 255, 255)"
        }
      ],
      "properties": {
        "order": 20,
        "id": 9,
        "name": "facebook",
        "prevSize": 32
      },
      "setIdx": 0,
      "setId": 4,
      "iconIdx": 11
    },
    {
      "icon": {
        "paths": [
          "M512 0c-281.248 0-512 230.752-512 512 0 239.968 168.384 457.984 392 512v-169.376c-8.832 2.24-18.976 3.488-29.408 3.488-12.736 0-24.992-1.888-36.576-5.408l0.896 0.224c-30.272-8.896-54.848-29.088-73.12-59.808-11.616-19.616-32.256-40.96-53.76-39.36l-5.28-59.744c46.528-4 86.72 28.352 110.592 68.448 10.656 17.856 22.88 28.32 38.56 32.928 15.104 4.512 31.392 2.368 50.336-4.352 4.768-37.952 22.176-52.128 35.328-72.192-133.376-19.872-186.528-90.624-207.616-146.432-27.968-74.176-12.96-166.816 36.448-225.376 0.96-1.12 2.72-4.096 2.048-6.144-22.688-68.512 4.928-125.12 5.952-131.136 26.176 7.68 30.4-7.776 113.664 42.752l14.336 8.64c6.048 3.584 4.096 1.536 10.144 1.024 32.096-9.024 69.024-14.464 107.168-15.008h0.32c36.352 0.448 72.704 5.632 108.896 15.456l4.672 0.512c-0.416-0.096 1.28-0.32 4.096-1.984 103.936-62.976 100.192-42.4 128.096-51.456 1.024 6.048 28.224 63.584 5.824 131.168-3.072 9.312 90.112 94.624 38.464 231.52-21.088 55.808-74.24 126.624-207.552 146.496 17.088 26.112 37.632 39.936 37.536 93.696v211.392c223.552-54.016 392-272.032 392-512 0-281.248-230.752-512-512-512z"
        ],
        "attrs": [
          {
            "fill": "rgb(255, 255, 255)"
          }
        ],
        "isMulticolor": false,
        "isMulticolor2": false,
        "grid": 0,
        "tags": [
          "github"
        ],
        "colorPermutations": {
          "2111966121220671225225225125416518712552552551": [
            {
              "f": 4
            }
          ]
        }
      },
      "attrs": [
        {
          "fill": "rgb(255, 255, 255)"
        }
      ],
      "properties": {
        "order": 21,
        "id": 6,
        "name": "github",
        "prevSize": 32
      },
      "setIdx": 0,
      "setId": 4,
      "iconIdx": 12
    },
    {
      "icon": {
        "paths": [
          "M554.944 673.536l-21.568 283.52c30.912 0 44.288-12.416 60.352-27.264l144.832-129.28 300.16 205.248c55.040 28.608 93.888 13.504 108.8-47.296l196.992-861.824c17.536-75.968-29.44-105.664-83.008-87.040l-1158.208 413.888c-79.040 28.672-77.888 69.76-13.44 88.512l296.064 85.888 687.808-401.664c32.384-20.032 61.824-8.96 37.632 11.072l-556.48 466.24z"
        ],
        "attrs": [
          {
            "fill": "rgb(255, 255, 255)"
          }
        ],
        "width": 1408,
        "isMulticolor": false,
        "isMulticolor2": false,
        "grid": 0,
        "tags": [
          "telegram"
        ],
        "colorPermutations": {
          "2111966121220671225225225125416518712552552551": [
            {
              "f": 4
            }
          ]
        }
      },
      "attrs": [
        {
          "fill": "rgb(255, 255, 255)"
        }
      ],
      "properties": {
        "order": 22,
        "id": 0,
        "name": "telegram",
        "prevSize": 32
      },
      "setIdx": 0,
      "setId": 4,
      "iconIdx": 13
    }
  ],
  "height": 1024,
  "preferences": {
    "showGlyphs": true,
    "showQuickUse": true,
    "showQuickUse2": true,
    "showSVGs": true,
    "fontPref": {
      "prefix": "icon-",
      "metadata": {
        "fontFamily": "icomoon"
      },
      "metrics": {
        "emSize": 1024,
        "baseline": 6.25,
        "whitespace": 50
      },
      "embed": false
    },
    "imagePref": {
      "prefix": "icon-",
      "png": true,
      "useClassSelector": true,
      "color": 0,
      "bgColor": 16777215,
      "classSelector": ".icon",
      "name": "icomoon"
    },
    "historySize": 50,
    "showCodes": true,
    "gridSize": 16
  }
}